seed_keyword,suggested_keyword,source,country_sim,bosnian_expansion,query_bs
lithium Bosnia,lithium bosnia,autocomplete,us,litij litijum baterije rudnik rudarstvo lopare,lithium bosnia litij litijum baterije rudnik rudarstvo lopare
lithium Bosnia,bosnia lithium mining,autocomplete,us,litij litijum baterije rudnik rudarstvo lopare,bosnia lithium mining litij litijum baterije rudnik rudarstvo lopare
lithium Bosnia,lithium in bosnia and herzegovina,autocomplete,us,litij litijum baterije rudnik rudarstvo lopare,lithium in bosnia and herzegovina litij litijum baterije rudnik rudarstvo lopare
lithium Bosnia,arcore lithium bosnia,autocomplete,us,litij litijum baterije rudnik rudarstvo lopare,arcore lithium bosnia litij litijum baterije rudnik rudarstvo lopare
lithium Bosnia,Lithium bosnia map,related_search,us,litij litijum baterije rudnik rudarstvo lopare,Lithium bosnia map litij litijum baterije rudnik rudarstvo lopare
lithium Bosnia,Lithium bosnia lopare,related_search,us,litij litijum baterije rudnik rudarstvo lopare,Lithium bosnia lopare litij litijum baterije rudnik rudarstvo lopare
lithium Bosnia,Lithium bosnia news,related_search,us,litij litijum baterije rudnik rudarstvo lopare,Lithium bosnia news litij litijum baterije rudnik rudarstvo lopare
lithium Bosnia,Rio Tinto,related_search,us,litij litijum baterije rudnik rudarstvo lopare,Rio Tinto litij litijum baterije rudnik rudarstvo lopare
lithium Bosnia,Arcore AG,related_search,at,litij litijum baterije rudnik rudarstvo lopare,Arcore AG litij litijum baterije rudnik rudarstvo lopare
Lopare lithium mine,lopare lithium mine,autocomplete,us,litij litijum lopare rudnik rudarstvo eksploatacija,lopare lithium mine litij litijum lopare rudnik rudarstvo eksploatacija
Lopare lithium mine,lithium mine locations,autocomplete,us,litij litijum lopare rudnik rudarstvo eksploatacija,lithium mine locations litij litijum lopare rudnik rudarstvo eksploatacija
Lopare lithium mine,lithium mine process,autocomplete,us,litij litijum lopare rudnik rudarstvo eksploatacija,lithium mine process litij litijum lopare rudnik rudarstvo eksploatacija
Lopare lithium mine,lithium biggest mine,autocomplete,us,litij litijum lopare rudnik rudarstvo eksploatacija,lithium biggest mine litij litijum lopare rudnik rudarstvo eksploatacija
Lopare lithium mine,Rock Tech Lithium,related_search,us,litij litijum lopare rudnik rudarstvo eksploatacija,Rock Tech Lithium litij litijum lopare rudnik rudarstvo eksploatacija
Lopare lithium mine,Lopare lithium mine news,related_search,fr,litij litijum lopare rudnik rudarstvo eksploatacija,Lopare lithium mine news litij litijum lopare rudnik rudarstvo eksploatacija
Bosnia mining,bosnia mining,autocomplete,us,rudarstvo rudnik eksploatacija rude minerali kopanje,bosnia mining rudarstvo rudnik eksploatacija rude minerali kopanje
Bosnia mining,bosnia mining jobs,autocomplete,us,rudarstvo rudnik eksploatacija rude minerali kopanje,bosnia mining jobs rudarstvo rudnik eksploatacija rude minerali kopanje
Bosnia mining,bosnia mining companies,autocomplete,us,rudarstvo rudnik eksploatacija rude minerali kopanje,bosnia mining companies rudarstvo rudnik eksploatacija rude minerali kopanje
Bosnia mining,bosnia mining industry,autocomplete,us,rudarstvo rudnik eksploatacija rude minerali kopanje,bosnia mining industry rudarstvo rudnik eksploatacija rude minerali kopanje
Bosnia mining,bosnia mining landslide,autocomplete,us,rudarstvo rudnik eksploatacija rude minerali kopanje,bosnia mining landslide rudarstvo rudnik eksploatacija rude minerali kopanje
Bosnia mining,bosnia and herzegovina mining,autocomplete,us,rudarstvo rudnik eksploatacija rude minerali kopanje,bosnia and herzegovina mining rudarstvo rudnik eksploatacija rude minerali kopanje
Bosnia mining,adriatic mining bosnia,autocomplete,us,rudarstvo rudnik eksploatacija rude minerali kopanje,adriatic mining bosnia rudarstvo rudnik eksploatacija rude minerali kopanje
Bosnia mining,coal mining bosnia,autocomplete,us,rudarstvo rudnik eksploatacija rude minerali kopanje,coal mining bosnia rudarstvo rudnik eksploatacija rude minerali kopanje
Bosnia mining,Bosnia mining companies,related_search,us,rudarstvo rudnik eksploatacija rude minerali kopanje,Bosnia mining companies rudarstvo rudnik eksploatacija rude minerali kopanje
Bosnia mining,Bosnia mining news,related_search,us,rudarstvo rudnik eksploatacija rude minerali kopanje,Bosnia mining news rudarstvo rudnik eksploatacija rude minerali kopanje
Bosnia mining,Bosnia mining map,related_search,us,rudarstvo rudnik eksploatacija rude minerali kopanje,Bosnia mining map rudarstvo rudnik eksploatacija rude minerali kopanje
Bosnia mining,Bosnia mining 2021,related_search,us,rudarstvo rudnik eksploatacija rude minerali kopanje,Bosnia mining 2021 rudarstvo rudnik eksploatacija rude minerali kopanje
Bosnia natural resources,bosnia natural resources,autocomplete,us,prirodni resursi sirovine ruda energija šuma voda bogatstvo,bosnia natural resources prirodni resursi sirovine ruda energija šuma voda bogatstvo
Bosnia natural resources,bosnia herzegovina natural resources,autocomplete,us,prirodni resursi sirovine ruda energija šuma voda bogatstvo,bosnia herzegovina natural resources prirodni resursi sirovine ruda energija šuma voda bogatstvo
Bosnia natural resources,does bosnia have natural resources,autocomplete,us,prirodni resursi sirovine ruda energija šuma voda bogatstvo,does bosnia have natural resources prirodni resursi sirovine ruda energija šuma voda bogatstvo
Bosnia natural resources,Bosnia natural resources climate change,related_search,us,prirodni resursi sirovine ruda energija šuma voda bogatstvo,Bosnia natural resources climate change prirodni resursi sirovine ruda energija šuma voda bogatstvo
Bosnia natural resources,Bosnia natural resources map,related_search,us,prirodni resursi sirovine ruda energija šuma voda bogatstvo,Bosnia natural resources map prirodni resursi sirovine ruda energija šuma voda bogatstvo
Bosnia natural resources,Bosnia natural resources tourism,related_search,us,prirodni resursi sirovine ruda energija šuma voda bogatstvo,Bosnia natural resources tourism prirodni resursi sirovine ruda energija šuma voda bogatstvo
Bosnia natural resources,Bosnia natural resources climate,related_search,us,prirodni resursi sirovine ruda energija šuma voda bogatstvo,Bosnia natural resources climate prirodni resursi sirovine ruda energija šuma voda bogatstvo
Bosnia natural resources,Bosnia natural resources facts,related_search,us,prirodni resursi sirovine ruda energija šuma voda bogatstvo,Bosnia natural resources facts prirodni resursi sirovine ruda energija šuma voda bogatstvo
Bosnia natural resources,Bosnia natural resources wikipedia,related_search,us,prirodni resursi sirovine ruda energija šuma voda bogatstvo,Bosnia natural resources wikipedia prirodni resursi sirovine ruda energija šuma voda bogatstvo
bauxite Bosnia,bauxite bosnia,autocomplete,us,boksit aluminij rudnik rudarstvo eksploatacija,bauxite bosnia boksit aluminij rudnik rudarstvo eksploatacija
bauxite Bosnia,bosnia main industries,autocomplete,us,boksit aluminij rudnik rudarstvo eksploatacija,bosnia main industries boksit aluminij rudnik rudarstvo eksploatacija
bauxite Bosnia,how many mines are in bosnia,autocomplete,us,boksit aluminij rudnik rudarstvo eksploatacija,how many mines are in bosnia boksit aluminij rudnik rudarstvo eksploatacija
bauxite Bosnia,Bauxite bosnia map,related_search,gb,boksit aluminij rudnik rudarstvo eksploatacija,Bauxite bosnia map boksit aluminij rudnik rudarstvo eksploatacija
bauxite Bosnia,Bauxite bosnia mining,related_search,gb,boksit aluminij rudnik rudarstvo eksploatacija,Bauxite bosnia mining boksit aluminij rudnik rudarstvo eksploatacija
bauxite Bosnia,Bauxite bosnia 2022,related_search,gb,boksit aluminij rudnik rudarstvo eksploatacija,Bauxite bosnia 2022 boksit aluminij rudnik rudarstvo eksploatacija
bauxite Bosnia,Bauxite bosnia news,related_search,nl,boksit aluminij rudnik rudarstvo eksploatacija,Bauxite bosnia news boksit aluminij rudnik rudarstvo eksploatacija
bauxite Bosnia,Bauxite bosnia history,related_search,nl,boksit aluminij rudnik rudarstvo eksploatacija,Bauxite bosnia history boksit aluminij rudnik rudarstvo eksploatacija
coal mining Bosnia,mining in bosnia,autocomplete,us,ugalj rudnik ugljenokop termoelektrana koks,mining in bosnia ugalj rudnik ugljenokop termoelektrana koks
coal mining Bosnia,mining in bosnia and herzegovina,autocomplete,us,ugalj rudnik ugljenokop termoelektrana koks,mining in bosnia and herzegovina ugalj rudnik ugljenokop termoelektrana koks
coal mining Bosnia,coal mines in bosnia and herzegovina,autocomplete,us,ugalj rudnik ugljenokop termoelektrana koks,coal mines in bosnia and herzegovina ugalj rudnik ugljenokop termoelektrana koks
coal mining Bosnia,Coal mining bosnia map,related_search,us,ugalj rudnik ugljenokop termoelektrana koks,Coal mining bosnia map ugalj rudnik ugljenokop termoelektrana koks
coal mining Bosnia,Coal mining bosnia 2021,related_search,us,ugalj rudnik ugljenokop termoelektrana koks,Coal mining bosnia 2021 ugalj rudnik ugljenokop termoelektrana koks
coal mining Bosnia,Stanari coal mine,related_search,us,ugalj rudnik ugljenokop termoelektrana koks,Stanari coal mine ugalj rudnik ugljenokop termoelektrana koks
coal mining Bosnia,Kreka coal mine,related_search,us,ugalj rudnik ugljenokop termoelektrana koks,Kreka coal mine ugalj rudnik ugljenokop termoelektrana koks
coal mining Bosnia,Banovici coal mine,related_search,us,ugalj rudnik ugljenokop termoelektrana koks,Banovici coal mine ugalj rudnik ugljenokop termoelektrana koks
coal mining Bosnia,Breza coal mine,related_search,us,ugalj rudnik ugljenokop termoelektrana koks,Breza coal mine ugalj rudnik ugljenokop termoelektrana koks
coal mining Bosnia,Kakanj coal mine,related_search,us,ugalj rudnik ugljenokop termoelektrana koks,Kakanj coal mine ugalj rudnik ugljenokop termoelektrana koks
coal mining Bosnia,Coal mining bosnia wikipedia,related_search,de,ugalj rudnik ugljenokop termoelektrana koks,Coal mining bosnia wikipedia ugalj rudnik ugljenokop termoelektrana koks
hydropower Bosnia,hydropower bosnia,autocomplete,us,hidroelektrana hidroenergija vodna energija brana rijeka,hydropower bosnia hidroelektrana hidroenergija vodna energija brana rijeka
hydropower Bosnia,Hydropower bosnia map,related_search,gb,hidroelektrana hidroenergija vodna energija brana rijeka,Hydropower bosnia map hidroelektrana hidroenergija vodna energija brana rijeka
hydropower Bosnia,Hydropower bosnia news,related_search,gb,hidroelektrana hidroenergija vodna energija brana rijeka,Hydropower bosnia news hidroelektrana hidroenergija vodna energija brana rijeka
Bosnia forests,bosnia forests,autocomplete,us,šuma šumarstvo drvo sječa pošumljavanje prašuma,bosnia forests šuma šumarstvo drvo sječa pošumljavanje prašuma
Bosnia forests,Bosnia forests map,related_search,us,šuma šumarstvo drvo sječa pošumljavanje prašuma,Bosnia forests map šuma šumarstvo drvo sječa pošumljavanje prašuma
Bosnia forests,PeruÄ‡ica forest,related_search,us,šuma šumarstvo drvo sječa pošumljavanje prašuma,PeruÄ‡ica forest šuma šumarstvo drvo sječa pošumljavanje prašuma
Bosnia forests,PeruÄ‡ica Bosnia,related_search,us,šuma šumarstvo drvo sječa pošumljavanje prašuma,PeruÄ‡ica Bosnia šuma šumarstvo drvo sječa pošumljavanje prašuma
Bosnia forests,Bosnia forests facts,related_search,us,šuma šumarstvo drvo sječa pošumljavanje prašuma,Bosnia forests facts šuma šumarstvo drvo sječa pošumljavanje prašuma
Bosnia forests,Bosnia forests climate,related_search,us,šuma šumarstvo drvo sječa pošumljavanje prašuma,Bosnia forests climate šuma šumarstvo drvo sječa pošumljavanje prašuma
Bosnia forests,Lipiczanska forest,related_search,de,šuma šumarstvo drvo sječa pošumljavanje prašuma,Lipiczanska forest šuma šumarstvo drvo sječa pošumljavanje prašuma
Bosnia water resources,Bosnia water resources map,related_search,us,voda rijeka jezero vodovod resursi izvor,Bosnia water resources map voda rijeka jezero vodovod resursi izvor
Bosnia and Herzegovina minerals,bosnia and herzegovina minerals,autocomplete,us,minerali rude sirovine nalazišta geologija zemlja,bosnia and herzegovina minerals minerali rude sirovine nalazišta geologija zemlja
Bosnia and Herzegovina minerals,bosnia and herzegovina mineral resources,autocomplete,us,minerali rude sirovine nalazišta geologija zemlja,bosnia and herzegovina mineral resources minerali rude sirovine nalazišta geologija zemlja
Bosnia and Herzegovina minerals,natural resources of bosnia and herzegovina,autocomplete,us,minerali rude sirovine nalazišta geologija zemlja,natural resources of bosnia and herzegovina minerali rude sirovine nalazišta geologija zemlja
Bosnia and Herzegovina minerals,Bosnia and herzegovina minerals list,related_search,us,minerali rude sirovine nalazišta geologija zemlja,Bosnia and herzegovina minerals list minerali rude sirovine nalazišta geologija zemlja
Bosnia and Herzegovina minerals,Bosnia and herzegovina minerals map,related_search,us,minerali rude sirovine nalazišta geologija zemlja,Bosnia and herzegovina minerals map minerali rude sirovine nalazišta geologija zemlja
Bosnia and Herzegovina minerals,Bosnia and herzegovina minerals 2022,related_search,us,minerali rude sirovine nalazišta geologija zemlja,Bosnia and herzegovina minerals 2022 minerali rude sirovine nalazišta geologija zemlja
Bosnia mining investment,Bosnia mining investment map,related_search,us,investicija rudarstvo kapital strani ulagač kompanija,Bosnia mining investment map investicija rudarstvo kapital strani ulagač kompanija
Bosnia mining investment,Bosnia mining investment companies,related_search,us,investicija rudarstvo kapital strani ulagač kompanija,Bosnia mining investment companies investicija rudarstvo kapital strani ulagač kompanija
Bosnia mining investment,Adriatic Metals,related_search,us,investicija rudarstvo kapital strani ulagač kompanija,Adriatic Metals investicija rudarstvo kapital strani ulagač kompanija
Bosnia mining investment,Bosnia mining investment 2022,related_search,gb,investicija rudarstvo kapital strani ulagač kompanija,Bosnia mining investment 2022 investicija rudarstvo kapital strani ulagač kompanija
Bosnia mining investment,Bosnia mining investment stocks,related_search,fr,investicija rudarstvo kapital strani ulagač kompanija,Bosnia mining investment stocks investicija rudarstvo kapital strani ulagač kompanija
Bosnia mining investment,Dundee Precious Metals,related_search,it,investicija rudarstvo kapital strani ulagač kompanija,Dundee Precious Metals investicija rudarstvo kapital strani ulagač kompanija
lithium mining Europe,lithium mining europe,autocomplete,us,litij litijum europa rudarstvo rudnik sirovine,lithium mining europe litij litijum europa rudarstvo rudnik sirovine
lithium mining Europe,lithium extraction europe,autocomplete,us,litij litijum europa rudarstvo rudnik sirovine,lithium extraction europe litij litijum europa rudarstvo rudnik sirovine
lithium mining Europe,lithium mining eu,autocomplete,us,litij litijum europa rudarstvo rudnik sirovine,lithium mining eu litij litijum europa rudarstvo rudnik sirovine
lithium mining Europe,lithium mining companies europe,autocomplete,us,litij litijum europa rudarstvo rudnik sirovine,lithium mining companies europe litij litijum europa rudarstvo rudnik sirovine
lithium mining Europe,lithium mines in europe map,autocomplete,us,litij litijum europa rudarstvo rudnik sirovine,lithium mines in europe map litij litijum europa rudarstvo rudnik sirovine
lithium mining Europe,biggest lithium mine europe,autocomplete,us,litij litijum europa rudarstvo rudnik sirovine,biggest lithium mine europe litij litijum europa rudarstvo rudnik sirovine
lithium mining Europe,lithium mining projects in europe,autocomplete,us,litij litijum europa rudarstvo rudnik sirovine,lithium mining projects in europe litij litijum europa rudarstvo rudnik sirovine
lithium mining Europe,lithium mining countries,autocomplete,us,litij litijum europa rudarstvo rudnik sirovine,lithium mining countries litij litijum europa rudarstvo rudnik sirovine
lithium mining Europe,Lithium mining europe companies,related_search,us,litij litijum europa rudarstvo rudnik sirovine,Lithium mining europe companies litij litijum europa rudarstvo rudnik sirovine
Balkan natural resources,balkan natural resources,autocomplete,us,balkan prirodni resursi sirovine energija ruda,balkan natural resources balkan prirodni resursi sirovine energija ruda
Balkan natural resources,balkans natural resources map,autocomplete,us,balkan prirodni resursi sirovine energija ruda,balkans natural resources map balkan prirodni resursi sirovine energija ruda
Balkan natural resources,Balkan natural resources map,related_search,gb,balkan prirodni resursi sirovine energija ruda,Balkan natural resources map balkan prirodni resursi sirovine energija ruda
Balkan natural resources,Balkan natural resources wikipedia,related_search,gb,balkan prirodni resursi sirovine energija ruda,Balkan natural resources wikipedia balkan prirodni resursi sirovine energija ruda
Balkan natural resources,Balkan natural resources facts,related_search,gb,balkan prirodni resursi sirovine energija ruda,Balkan natural resources facts balkan prirodni resursi sirovine energija ruda
Balkan natural resources,Balkan natural resources pdf,related_search,gb,balkan prirodni resursi sirovine energija ruda,Balkan natural resources pdf balkan prirodni resursi sirovine energija ruda
Bosnia iron ore,bosnia iron ore,autocomplete,us,željezna ruda željezo čelik zenica arcelormittal rudnik,bosnia iron ore željezna ruda željezo čelik zenica arcelormittal rudnik
Bosnia iron ore,Bosnia iron ore for sale,related_search,us,željezna ruda željezo čelik zenica arcelormittal rudnik,Bosnia iron ore for sale željezna ruda željezo čelik zenica arcelormittal rudnik
Bosnia iron ore,Ljubija mine,related_search,us,željezna ruda željezo čelik zenica arcelormittal rudnik,Ljubija mine željezna ruda željezo čelik zenica arcelormittal rudnik
Bosnia iron ore,Iron mines in europe,related_search,us,željezna ruda željezo čelik zenica arcelormittal rudnik,Iron mines in europe željezna ruda željezo čelik zenica arcelormittal rudnik
Bosnia iron ore,Prijedor Bosnia,related_search,us,željezna ruda željezo čelik zenica arcelormittal rudnik,Prijedor Bosnia željezna ruda željezo čelik zenica arcelormittal rudnik
Bosnia iron ore,Bosnia iron ore price,related_search,gb,željezna ruda željezo čelik zenica arcelormittal rudnik,Bosnia iron ore price željezna ruda željezo čelik zenica arcelormittal rudnik
Zenica steel Bosnia,Zenica steel bosnia news,related_search,us,zenica čelik željezara arcelormittal čeličana industrija,Zenica steel bosnia news zenica čelik željezara arcelormittal čeličana industrija
Zenica steel Bosnia,Arcelormittal bosnia,related_search,gb,zenica čelik željezara arcelormittal čeličana industrija,Arcelormittal bosnia zenica čelik željezara arcelormittal čeličana industrija
Zenica steel Bosnia,Arcelormittal zenica steel plant,related_search,gb,zenica čelik željezara arcelormittal čeličana industrija,Arcelormittal zenica steel plant zenica čelik željezara arcelormittal čeličana industrija
Zenica steel Bosnia,Pavgord Group,related_search,gb,zenica čelik željezara arcelormittal čeličana industrija,Pavgord Group zenica čelik željezara arcelormittal čeličana industrija
Zenica steel Bosnia,Nova Å¾eljezara zenica doo,related_search,gb,zenica čelik željezara arcelormittal čeličana industrija,Nova Å¾eljezara zenica doo zenica čelik željezara arcelormittal čeličana industrija
Zenica steel Bosnia,Zenica zeljezara,related_search,gb,zenica čelik željezara arcelormittal čeličana industrija,Zenica zeljezara zenica čelik željezara arcelormittal čeličana industrija
Zenica steel Bosnia,Arcelormittal zenica,related_search,de,zenica čelik željezara arcelormittal čeličana industrija,Arcelormittal zenica zenica čelik željezara arcelormittal čeličana industrija
Zenica steel Bosnia,ArcelorMittal steel,related_search,fr,zenica čelik željezara arcelormittal čeličana industrija,ArcelorMittal steel zenica čelik željezara arcelormittal čeličana industrija
Bosnia zinc mining,Bosnia zinc mining map,related_search,us,cink olovo rudnik vareš rudarstvo minerali,Bosnia zinc mining map cink olovo rudnik vareš rudarstvo minerali
Bosnia zinc mining,Bosnia mining,related_search,us,cink olovo rudnik vareš rudarstvo minerali,Bosnia mining cink olovo rudnik vareš rudarstvo minerali
Bosnia zinc mining,Dpm bosnia,related_search,us,cink olovo rudnik vareš rudarstvo minerali,Dpm bosnia cink olovo rudnik vareš rudarstvo minerali
Bosnia zinc mining,DPM Metals,related_search,us,cink olovo rudnik vareš rudarstvo minerali,DPM Metals cink olovo rudnik vareš rudarstvo minerali
Bosnia zinc mining,VareÅ¡ Bosnia,related_search,us,cink olovo rudnik vareš rudarstvo minerali,VareÅ¡ Bosnia cink olovo rudnik vareš rudarstvo minerali
Bosnia zinc mining,Chelopech mine,related_search,us,cink olovo rudnik vareš rudarstvo minerali,Chelopech mine cink olovo rudnik vareš rudarstvo minerali
Bosnia zinc mining,VareÅ¡ mine,related_search,gb,cink olovo rudnik vareš rudarstvo minerali,VareÅ¡ mine cink olovo rudnik vareš rudarstvo minerali
Bosnia zinc mining,Bosnia zinc mining news,related_search,nl,cink olovo rudnik vareš rudarstvo minerali,Bosnia zinc mining news cink olovo rudnik vareš rudarstvo minerali
Bosnia lead mining,Vares bosnia lead poisoning,related_search,us,olovo cink rudnik rudarstvo minerali eksploatacija,Vares bosnia lead poisoning olovo cink rudnik rudarstvo minerali eksploatacija
Bosnia lead mining,Gross mine,related_search,us,olovo cink rudnik rudarstvo minerali eksploatacija,Gross mine olovo cink rudnik rudarstvo minerali eksploatacija
Bosnia lead mining,Bosnia lead mining facilities,related_search,fr,olovo cink rudnik rudarstvo minerali eksploatacija,Bosnia lead mining facilities olovo cink rudnik rudarstvo minerali eksploatacija
Tuzla salt mines,tuzla salt mines,autocomplete,us,sol tuzla rudnik solana soljenje industrija,tuzla salt mines sol tuzla rudnik solana soljenje industrija
Tuzla salt mines,tuzla salt miners,autocomplete,us,sol tuzla rudnik solana soljenje industrija,tuzla salt miners sol tuzla rudnik solana soljenje industrija
Tuzla salt mines,Tuzla salt mines history,related_search,us,sol tuzla rudnik solana soljenje industrija,Tuzla salt mines history sol tuzla rudnik solana soljenje industrija
Tuzla salt mines,Tuzla salt mines facts,related_search,us,sol tuzla rudnik solana soljenje industrija,Tuzla salt mines facts sol tuzla rudnik solana soljenje industrija
Bosnia timber industry,Bosnia timber industry pdf,related_search,de,drvo šuma drvna industrija piljenje izvoz pilana,Bosnia timber industry pdf drvo šuma drvna industrija piljenje izvoz pilana
Bosnia timber industry,Bosnia timber industry news,related_search,de,drvo šuma drvna industrija piljenje izvoz pilana,Bosnia timber industry news drvo šuma drvna industrija piljenje izvoz pilana
Bosnia wood export,Bosnia wood export companies,related_search,us,drvo izvoz šuma drvna industrija pilana produkt,Bosnia wood export companies drvo izvoz šuma drvna industrija pilana produkt
Bosnia wood export,Bosnia wood export 2022,related_search,us,drvo izvoz šuma drvna industrija pilana produkt,Bosnia wood export 2022 drvo izvoz šuma drvna industrija pilana produkt
Bosnia wood export,Bosnian beech line doo,related_search,us,drvo izvoz šuma drvna industrija pilana produkt,Bosnian beech line doo drvo izvoz šuma drvna industrija pilana produkt
Bosnia wood export,Bosnia wood export 2023,related_search,gb,drvo izvoz šuma drvna industrija pilana produkt,Bosnia wood export 2023 drvo izvoz šuma drvna industrija pilana produkt
Bosnia wood export,Bosnia wood export price,related_search,de,drvo izvoz šuma drvna industrija pilana produkt,Bosnia wood export price drvo izvoz šuma drvna industrija pilana produkt
Bosnia wind energy,bosnia renewable energy,autocomplete,us,vjetar vjetroelektrana obnovljiva energija vjetropark,bosnia renewable energy vjetar vjetroelektrana obnovljiva energija vjetropark
Bosnia wind energy,bosnia wind farm,autocomplete,us,vjetar vjetroelektrana obnovljiva energija vjetropark,bosnia wind farm vjetar vjetroelektrana obnovljiva energija vjetropark
Bosnia wind energy,bosnia wind power,autocomplete,us,vjetar vjetroelektrana obnovljiva energija vjetropark,bosnia wind power vjetar vjetroelektrana obnovljiva energija vjetropark
Bosnia wind energy,wind energy top countries,autocomplete,us,vjetar vjetroelektrana obnovljiva energija vjetropark,wind energy top countries vjetar vjetroelektrana obnovljiva energija vjetropark
Bosnia wind energy,Bosnia wind energy map,related_search,us,vjetar vjetroelektrana obnovljiva energija vjetropark,Bosnia wind energy map vjetar vjetroelektrana obnovljiva energija vjetropark
Bosnia wind energy,Bosnia wind energy news,related_search,us,vjetar vjetroelektrana obnovljiva energija vjetropark,Bosnia wind energy news vjetar vjetroelektrana obnovljiva energija vjetropark
Bosnia wind energy,Bosnia wind energy reviews,related_search,gb,vjetar vjetroelektrana obnovljiva energija vjetropark,Bosnia wind energy reviews vjetar vjetroelektrana obnovljiva energija vjetropark
Bosnia solar energy,bosnia solar energy,autocomplete,us,solarni sunce elektrana paneli obnovljiva energija,bosnia solar energy solarni sunce elektrana paneli obnovljiva energija
Bosnia solar energy,Bosnia solar energy reviews,related_search,gb,solarni sunce elektrana paneli obnovljiva energija,Bosnia solar energy reviews solarni sunce elektrana paneli obnovljiva energija
Bosnia solar energy,Bosnia solar energy news,related_search,at,solarni sunce elektrana paneli obnovljiva energija,Bosnia solar energy news solarni sunce elektrana paneli obnovljiva energija
Bosnia natural gas,bosnia natural gas,autocomplete,us,plin gas gasovod energija prirodni dovod,bosnia natural gas plin gas gasovod energija prirodni dovod
Bosnia natural gas,does bosnia have natural gas,autocomplete,us,plin gas gasovod energija prirodni dovod,does bosnia have natural gas plin gas gasovod energija prirodni dovod
Bosnia natural gas,Southern interconnection gas pipeline,related_search,us,plin gas gasovod energija prirodni dovod,Southern interconnection gas pipeline plin gas gasovod energija prirodni dovod
Bosnia natural gas,Southern interconnection bosnia,related_search,us,plin gas gasovod energija prirodni dovod,Southern interconnection bosnia plin gas gasovod energija prirodni dovod
Bosnia natural gas,Southern gas interconnection,related_search,us,plin gas gasovod energija prirodni dovod,Southern gas interconnection plin gas gasovod energija prirodni dovod
Bosnia natural gas,AAFS Infrastructure and Energy,related_search,us,plin gas gasovod energija prirodni dovod,AAFS Infrastructure and Energy plin gas gasovod energija prirodni dovod
Bosnia natural gas,South gas corridor,related_search,us,plin gas gasovod energija prirodni dovod,South gas corridor plin gas gasovod energija prirodni dovod
Bosnia natural gas,Azeri gas,related_search,us,plin gas gasovod energija prirodni dovod,Azeri gas plin gas gasovod energija prirodni dovod
Bosnia natural gas,Bosnia natural gas map,related_search,gb,plin gas gasovod energija prirodni dovod,Bosnia natural gas map plin gas gasovod energija prirodni dovod
Bosnia natural gas,Bosnia natural gas news,related_search,gb,plin gas gasovod energija prirodni dovod,Bosnia natural gas news plin gas gasovod energija prirodni dovod
Bosnia natural gas,Southern gas corridor,related_search,at,plin gas gasovod energija prirodni dovod,Southern gas corridor plin gas gasovod energija prirodni dovod
Bosnia oil reserves,bosnia oil reserves,autocomplete,us,nafta naftno polje bušotina rezerve derivati,bosnia oil reserves nafta naftno polje bušotina rezerve derivati
Bosnia oil reserves,bosnia oil fields,autocomplete,us,nafta naftno polje bušotina rezerve derivati,bosnia oil fields nafta naftno polje bušotina rezerve derivati
Bosnia oil reserves,bosnia and herzegovina oil reserves,autocomplete,us,nafta naftno polje bušotina rezerve derivati,bosnia and herzegovina oil reserves nafta naftno polje bušotina rezerve derivati
Bosnia oil reserves,does bosnia have oil reserves,autocomplete,us,nafta naftno polje bušotina rezerve derivati,does bosnia have oil reserves nafta naftno polje bušotina rezerve derivati
Bosnia oil reserves,Bosnia oil reserves map,related_search,us,nafta naftno polje bušotina rezerve derivati,Bosnia oil reserves map nafta naftno polje bušotina rezerve derivati
Bosnia oil reserves,Tuzla oil field,related_search,us,nafta naftno polje bušotina rezerve derivati,Tuzla oil field nafta naftno polje bušotina rezerve derivati
Bosnia oil reserves,Does Bosnia have oil,related_search,us,nafta naftno polje bušotina rezerve derivati,Does Bosnia have oil nafta naftno polje bušotina rezerve derivati
Bosnia oil reserves,Oil in bosnia,related_search,gb,nafta naftno polje bušotina rezerve derivati,Oil in bosnia nafta naftno polje bušotina rezerve derivati
Bosnia oil reserves,Samac oil field,related_search,gb,nafta naftno polje bušotina rezerve derivati,Samac oil field nafta naftno polje bušotina rezerve derivati
Bosnia copper mining,Bosnia copper mining sarajevo,related_search,gb,bakar rudnik rudarstvo ruda minerali eksploatacija,Bosnia copper mining sarajevo bakar rudnik rudarstvo ruda minerali eksploatacija
Bosnia copper mining,Bosnia copper mining 2021,related_search,gb,bakar rudnik rudarstvo ruda minerali eksploatacija,Bosnia copper mining 2021 bakar rudnik rudarstvo ruda minerali eksploatacija
Bosnia copper mining,Bosnia copper mining news,related_search,nl,bakar rudnik rudarstvo ruda minerali eksploatacija,Bosnia copper mining news bakar rudnik rudarstvo ruda minerali eksploatacija
Bosnia copper mining,Bosnia copper mining companies,related_search,nl,bakar rudnik rudarstvo ruda minerali eksploatacija,Bosnia copper mining companies bakar rudnik rudarstvo ruda minerali eksploatacija
Bosnia agriculture land,Bosnia agriculture land map,related_search,us,poljoprivreda zemlja obradivo tlo farma kultura,Bosnia agriculture land map poljoprivreda zemlja obradivo tlo farma kultura
